From Path,To URL,Redirect Type
/dr-bronner-pure-castile-liquid-soap-cherry-blossom,/search.php?search_query=dr+bronner+cherry+blossom,301
/people4ocean-stick-it-coloured-zinc-spf-50-egyptian-blue-25g,/search.php?search_query=people4ocean+zinc,301
/multi-amber-necklace-33-cm-by-amber-love,/search.php?search_query=amber+love+necklace,301
/mingle-livs-fave-salted-caramel-all-natural-sweet-topper-130g,/search.php?search_query=mingle+salted+caramel,301
/amber-love-adults-necklace-cognac-love-46cm,/search.php?search_query=amber+love+necklace,301
/radico-colour-me-organic-hair-colour-powder-brown-100g,/search.php?search_query=radico+hair+colour,301
/blue-dinosaur-vegan-protein-bar-pb-caramel-choc-12-x-45g,/search.php?search_query=blue+dinosaur+protein+bar,301
/carob-farm-carob-koala-salted-caramel-50-x-15g,/search.php?search_query=carob+farm,301
/radico-colour-me-organic-hair-colour-powder-soft-black-100g,/search.php?search_query=radico+hair+colour,301
/martin-pleasance-vital-all-in-one-greens-1kg,/search.php?search_query=martin+pleasance+greens,301
/loving-earth-maca-powder-500g,/search.php?search_query=maca+powder,301
/dr-organic-tea-tree-nail-solution-10ml,/search.php?search_query=dr+organic+tea+tree,301
/health-guru-cauliflower-puffs-bangkok-sriracha-6-x-56g,/search.php?search_query=health+guru+cauliflower+puffs,301
/amber-moon-love-33cm-by-amber-love,/search.php?search_query=amber+love,301
/naturally-good-peanut-mylk-partyz-55-less-sugar-10-x-45g,/search.php?search_query=naturally+good+peanut,301
/amber-love-adults-necklace-100-baltic-amber-mixed-46cm,/search.php?search_query=amber+love+necklace,301
/switch-nutrition-plant-protein-bar-cookies-and-cream-12-x-60g,/search.php?search_query=switch+nutrition+protein+bar,301
/mama-nose-baby-bamboo-wipes-eco-friendly-baby-water-wipes-60-wipes,/search.php?search_query=mama+nose+wipes,301
/grass-roots-organic-hemp-hearts-hulled-hemp-seeds-500g,/search.php?search_query=hemp+hearts,301
/dr-organic-rose-otto-cleanser-150ml,/search.php?search_query=dr+organic+rose,301
/health-guru-cauliflower-puffs-sea-salt-6-x-56g,/search.php?search_query=health+guru+cauliflower+puffs,301
/lotus-sesame-seeds-hulled-organic-200-on-sale-bb-09-09-24,/search.php?search_query=lotus+sesame+seeds,301
/health-guru-cauliflower-puffs-sea-salt-12x56g,/search.php?search_query=health+guru+cauliflower+puffs,301
/ora-health-curcumin-biocomplex-90-caps,/search.php?search_query=curcumin,301
/great-aussie-wipes-tradie-extra-large-textured-wipes-80pk,/search.php?search_query=great+aussie+wipes,301
/amazing-oils-magnesium-flex-lotion-with-msm-turmeric-black-pepper-125ml,/search.php?search_query=amazing+oils+magnesium,301
/ecoegg-laundry-egg-refill-pellets-50-washes-tropical-breeze,/search.php?search_query=ecoegg+refill,301
/great-aussie-wipes-grease-grime-jumbo-heavy-duty-wipes-60pk,/search.php?search_query=great+aussie+wipes,301
/great-aussie-wipes-bbq-x-large-wipes-10pk,/search.php?search_query=great+aussie+wipes,301
/switch-nutrition-plant-protein-bar-choc-rocky-road-12-x-60g,/search.php?search_query=switch+nutrition+protein+bar,301
/great-aussie-wipes-bbq-x-large-wipes-30pk,/search.php?search_query=great+aussie+wipes,301
/redmond-earthpaste-toothpaste-with-silver-spearmint-charcoal-113g,/search.php?search_query=redmond+earthpaste,301
/wild-herbal-body-wash-herbal-500ml,/search.php?search_query=wild+herbal+body+wash,301
/keto-naturals-cookies-buttery-coconut-8-x-64g,/search.php?search_query=keto+naturals+cookies,301
/switch-nutrition-plant-protein-bar-choc-peanut-butter-12-x-60g,/search.php?search_query=switch+nutrition+protein+bar,301
/ecoegg-washing-machine-detox-tablets-6pk,/search.php?search_query=ecoegg+detox,301
/udos-choice-udos-3-6-9-oil-blend-941ml,/search.php?search_query=udos+oil+blend,301
/great-aussie-wipes-hand-face-large-wipes-40pk,/search.php?search_query=great+aussie+wipes,301
/switch-nutrition-plant-protein-bar-choc-fudge-brownie-12-x-60g,/search.php?search_query=switch+nutrition+protein+bar,301
/great-aussie-wipes-vinegar-x-large-natural-cleaning-wipes-50pk,/search.php?search_query=great+aussie+wipes,301
/miessence-balancing-moisturiser-50ml,/search.php?search_query=miessence+moisturiser,301
/loving-earth-maqui-powder-150g,/search.php?search_query=maqui+powder,301
/flordis-prospan-menthol-chesty-cough-relief-200ml,/search.php?search_query=flordis+prospan,301
/ecoegg-laundry-egg-refill-pellets-50-washes-fresh-white-lights,/search.php?search_query=ecoegg+refill,301
/api/storefront/order,/,410
/api/storefront/checkouts,/,410
/.well-known/assetlinks.json,/,410
